Month,Month Name,Total income MacBook Pro Laptop,Total income
1,Jan,399500.0,1815335.1199999105
2,Feb,467500.0,2203481.2399999653
3,Mar,646000.0,2809063.300000339
4,Apr,773500.0,3396059.1100007077
5,May,787100.0,3144584.800000549
6,Jun,605200.0,2578293.300000204
7,Jul,625600.0,2646899.6900002435
8,Aug,508300.0,2244412.3100000015
9,Sep,489600.0,2098816.6999998987
10,Oct,892500.0,3736884.050000953
11,Nov,748000.0,3198909.2300005755
12,Dec,1094800.0,4619297.120001525
